epoch,accuracy,loss,top_3_accuracy,val_accuracy,val_loss,val_top_3_accuracy
0,0.17538000643253326,3.503061294555664,0.3342199921607971,0.1404000073671341,3.814497709274292,0.2842999994754791
1,0.3233399987220764,2.6447176933288574,0.5382800102233887,0.3046000003814697,2.746196985244751,0.5026999711990356
